Workbook
Name _GoBack: 'الجهاز الإداري'!#REF!

Sheet البيان
C1: البيان الشهري ( مدارس - رياض )
C3: بيان عن شهر: | J3: عام: | P3: تاريخ التسليم: | R3: يوم | S3: شهر | T3: سنة | U3: اسم موظف البيانات المستلم:
C4: w | U4: توقيعه:
C6: المنطقة التعليمية | E6: اسم القرية | G6: عنوان المدرسة بالتفصيل | J6: الحلقة | K6: اسم المدرسة | O6: هاتف المدرسة | R6: الرقم الاحصائي | T6: منهاج التعليم الريفي | W6: نوع الدوام(كامل أو نصفي)
W7: نوع الدوام:
W8: مشترك مع:
C10: عدد الطوابق | E10: البناء المدرسي حكومي / مستأجر | H10: عدد الغرف الصفية المستخدمة | K10: عدد الغرف الإدارية | M10: عدد الغرف الغير مستخدمة | O10: قبو | P10: مخبر | Q10: حاسوب | R10: مكتبة | S10: أمانة سر | T10: قاعة رياضة | U10: مستودع | V10: ارشاد | W10: منهج صحي | X10: مشغل يدوي | Y10: مسرح | Z10: ساحة | AA10: قاعات أخرى
C12: الجهاز التدريسي
C13: المعلمين | D13: معلم صف | F13: تعميق تأهيل | H13: المدرسين | I13: عربي | J13: =SUM(COUNTIFS('الجهاز التدريسي'!H4:H200,"*جامع*",'الجهاز التدريسي'!I4:I200,"*عربي*")) -> 0 | K13: تاريخ | M13: اسلامية | N13: =SUM(COUNTIFS('الجهاز التدريسي'!H4:H200,"*جامع*",'الجهاز التدريسي'!I4:I200,"*سلام*")) -> 0 | O13: انكليزي | Q13: علوم | R13: =SUM(COUNTIFS('الجهاز التدريسي'!H4:H200,"*جامع*",'الجهاز التدريسي'!I4:I200,"*علوم*")) -> 0 | S13: تجارة واقتصاد | T13: =SUM(COUNTIFS('الجهاز التدريسي'!H4:H200,"*جامع*",'الجهاز التدريسي'!I4:I200,"*تجارة*")) -> 0 | U13: م.مساعد | V13: عربي | W13: =SUM(COUNTIFS('الجهاز التدريسي'!H4:H200,"*معهد*",'الجهاز التدريسي'!I4:I200,"*عربي*"),COUNTIFS('الجهاز التدريسي'!H4:H200,"*ثانوية*",'الجهاز التدريسي'!I4:I200,"*عربي*"),COUNTIFS('الجهاز التدريسي'!H4:H200,"*اخرى*",'الجهاز التدريسي'!I4:I200,"*عربي*")) -> 0 | X13: انكليزي | Z13: فنون
D14: أهلية تعليم | I14: رياضيات | J14: =SUM(COUNTIFS('الجهاز التدريسي'!H4:H200,"*جامع*",'الجهاز التدريسي'!I4:I200,"*رياضيات*")) -> 0 | K14: جغرافية | L14: =SUM(COUNTIFS('الجهاز التدريسي'!H4:H200,"*جامع*",'الجهاز التدريسي'!I4:I200,"*جغراف*")) -> 0 | M14: مسيحية | N14: =SUM(COUNTIFS('الجهاز التدريسي'!H4:H200,"*جامع*",'الجهاز التدريسي'!I4:I200,"*مسيح*")) -> 0 | O14: فرنسي | P14: =SUM(COUNTIFS('الجهاز التدريسي'!H4:H200,"*جامع*",'الجهاز التدريسي'!I4:I200,"*فرنس*")) -> 0 | Q14: رياضة | R14: =SUM(COUNTIFS('الجهاز التدريسي'!H4:H200,"*جامع*",'الجهاز التدريسي'!I4:I200,"*رياضة*")) -> 0 | S14: فلسفة | T14: =SUM(COUNTIFS('الجهاز التدريسي'!H4:H200,"*جامع*",'الجهاز التدريسي'!I4:I200,"*فلسلف*")) -> 0 | V14: رياضيات | W14: =SUM(COUNTIFS('الجهاز التدريسي'!H4:H200,"*معهد*",'الجهاز التدريسي'!I4:I200,"*رياضيات*"),COUNTIFS('الجهاز التدريسي'!H4:H200,"*ثانوية*",'الجهاز التدريسي'!I4:I200,"*رياضيات*"),COUNTIFS('الجهاز التدريسي'!H4:H200,"*اخرى*",'الجهاز التدريسي'!I4:I200,"*رياضيات*")) -> 0 | X14: فرنسي | Y14: =SUM(COUNTIFS('الجهاز التدريسي'!H4:H200,"*معهد*",'الجهاز التدريسي'!I4:I200,"*فرنسي*"),COUNTIFS('الجهاز التدريسي'!H4:H200,"*ثانوية*",'الجهاز التدريسي'!I4:I200,"*فرنسي*"),COUNTIFS('الجهاز التدريسي'!H4:H200,"*اخرى*",'الجهاز التدريسي'!I4:I200,"*فرنسي*")) -> 0 | Z14: معلوماتية | AA14: =SUM(COUNTIFS('الجهاز التدريسي'!H4:H200,"*معهد*",'الجهاز التدريسي'!I4:I200,"*معلومات*"),COUNTIFS('الجهاز التدريسي'!H4:H200,"*ثانوية*",'الجهاز التدريسي'!I4:I200,"*معلومات*"),COUNTIFS('الجهاز التدريسي'!H4:H200,"*اخرى*",'الجهاز التدريسي'!I4:I200,"*معلومات*")) -> 0
D15: ق. 38 | I15: فيزياء+كيمياء | J15: =SUM(COUNTIFS('الجهاز التدريسي'!H4:H200,"*جامع*",'الجهاز التدريسي'!I4:I200,"*فيز*")) -> 0 | K15: قومية | L15: =SUM(COUNTIFS('الجهاز التدريسي'!H4:H200,"*جامع*",'الجهاز التدريسي'!I4:I200,"*قوم*")) -> 0 | M15: معلوماتية | N15: =SUM(COUNTIFS('الجهاز التدريسي'!H4:H200,"*جامع*",'الجهاز التدريسي'!I4:I200,"*معلومات*")) -> 0 | O15: روسي | P15: =SUM(COUNTIFS('الجهاز التدريسي'!H4:H200,"*جامع*",'الجهاز التدريسي'!I4:I200,"*روسي*")) -> 0 | Q15: فنون | R15: =SUM(COUNTIFS('الجهاز التدريسي'!H4:H200,"*جامع*",'الجهاز التدريسي'!I4:I200,"*فنون*")) -> 0 | S15: مهندس | T15: =SUM(COUNTIFS('الجهاز التدريسي'!H4:H200,"*جامع*",'الجهاز التدريسي'!I4:I200,"*مهندس*")) -> 0 | V15: علوم | W15: =SUM(COUNTIFS('الجهاز التدريسي'!H4:H200,"*معهد*",'الجهاز التدريسي'!I4:I200,"*علوم*"),COUNTIFS('الجهاز التدريسي'!H4:H200,"*ثانوية*",'الجهاز التدريسي'!I4:I200,"*علوم*"),COUNTIFS('الجهاز التدريسي'!H4:H200,"*اخرى*",'الجهاز التدريسي'!I4:I200,"*علوم*")) -> 0 | X15: موسيقا | Z15: رياضة
C16: عددالمعلمين | G16: =SUM(G13,E13:E15) -> 28 | H16: عدد المدرسين | T16: =SUM(J13:J15,L13:L15,N13:N15,P13:P15,R13:R15,T13:T15) -> 3 | U16: عدد المدرسين المساعدين | AA16: =SUM(W13:W15,Y13:Y15,AA13:AA15) -> 13
C18: احصائية بعدد الطلاب | K18: مجموع الطلاب حسب الصف | M18: الجهاز الاداري | S18: عدد المعلمين | V18: =SUM(E13:E15,G13:G15) -> 28 | X18: عدد كل العاملين في الجهاز الإداري
C19: الصف | D19: عدد الشعب | E19: عدد الطلاب | M19: العمل الإداري | O19: العدد رقماً | P19: كتابة | S19: عدد المدرسين | V19: =SUM(J13:J15,L13:L15,N13:N15,P13:P15,R13:R15,T13:T15) -> 3 | X19: عدد العاملين المهنيين | AA19: 1
E20: انكليزي | G20: فرنسي | I20: روسي | M20: مدير | S20: عدد المدرسين المساعدين | V20: =SUM(W13:W15,Y13:Y15,AA13:AA15) -> 13 | X20: عدد المستخدمين | AA20: 5
E21: ذكور | F21: إناث | G21: ذكور | H21: إناث | I21: ذكور | J21: إناث | M21: معاون مدير | S21: الجهاز التدريسي حسب الاختصاصات | V21: =SUM(E13:E15,G13,J13:J15,L13:L15,N13:N15,P13:P15,R13:R15,T13:T15,W13:W15,Y13:Y15,AA13:AA15) -> 44 | X21: عدد الحراس
C22: استعدوا | K22: =SUM(E22:F22) -> 0 | M22: توجيه | S22: الجهاز التدريسي بشكل كامل | V22: =SUM(COUNTIFS('الجهاز التدريسي'!C4:C20,"<>")) -> 17
C23: الأول | K23: =SUM(E23:F23) -> 117 | M23: أمانة سر | S23: عدد الجهاز التدريسي غير المصنف | V23: =V22-V21 -> -27 | X23: مجموع العاملين في المدرسة
C24: الثاني | K24: =SUM(E24:F24) -> 68 | M24: معاون أمين سر
C25: الثالث | K25: =SUM(E25:F25) -> 100 | M25: أمانة مكتبة | R25: ملاحظات
C26: الرابع | K26: =SUM(E26:F26) -> 90 | M26: معاون أمين مكتبة | S26: 1- يتم تسليم البيان الشهري عن الشهر الذي انتهى من 1 لغاية 10 من كل شهر ورقياً, وفي بداية كل فصل دراسي الكترونياً.
C27: الخامس | K27: =SUM(E27:F27) -> 90 | M27: امين مخبر
C28: السادس | K28: =SUM(E28:F28) -> 92 | M28: مساعد امين مخبر
C29: السابع | K29: =SUM(E29:F29) -> 0 | M29: امين سر حاسوب | S29: 2- يرجى ختم جميع الأوراق و حذف اسماء من حصل على اجازة خاصة بلا أجر مدة / ٩٠ / يوم وما يزيد (مع ذكر الحالات المشار إليها آنفاً في ورقة التعديلات الطارئة عند وقوعها)
C30: الثامن | K30: =SUM(E30:F30) -> 0 | M30: م.امين سر حاسوب
C31: التاسع | K31: =SUM(E31:F31) -> 0 | M31: ارشاد اجتماعي | S31: 3- هذا البيان رسمي ومعتمد من قبل مديرية التربية والتعليم باللاذقية ولا يقبل اي بيان أو صيغة أخرى
B32: منهاج ب | C32: المستوى الأول | K32: =SUM(E32:F32) -> 102 | M32: ارشاد نفسي | S32: 4- يتم تسليم نسختين اصلييتين من البيان الشهري للمدارس الثانوية المشتركة مع مدارس مرحلة التعليم الأساسي ( إدارة واحدة ) لكل دائرة نسخة.
C33: المستوى الثاني | K33: =SUM(E33:F33) -> 33 | M33: أمين مشغل
C34: المستوى الثالث | K34: =SUM(E34:F34) -> 13 | M34: انشطة لاصفية | S34: 5- يتم تسليم ثلاث نسخ اصلية من البيان للمدارس المستولى عليها الى دائرة ( الخاص - الثانوي - الأساسي )
C35: المستوى الرابع | K35: =SUM(E35:F35) -> 0 | M35: كاتب
C36: الأول الثانوي(أدبي) | K36: =SUM(E36:F36) -> 0 | M36: مشرف جاهزية | S36: 5- يتم تسليم جدول نتائج نهاية العام مرة واحدة في نهاية العام الدراسي فقط بعد صدور النتائج.
C37: الأول الثانوي(علمي) | K37: =SUM(E37:F37) -> 0
C38: الثاني الثانوي(أدبي) | K38: =SUM(E38:F38) -> 0 | M38: مجموع الإداريين | O38: =SUM(O20:O37) -> 6 | S38: 6- في حالة وجود دمج للشعب نكتب 0 بأحد الشعب و 1 بالشعبة الثانية.
C39: الثاني الثانوي(علمي) | K39: =SUM(E39:F39) -> 0
C40: الثالث الثانوي(أدبي) | K40: =SUM(E40:F40) -> 0
C41: الثالث الثانوي(علمي) | K41: =SUM(E41:F41) -> 0
C42: المجموع | D42: =SUM(D22:D41) -> 22 | E42: =SUM(E22:E41) -> 347 | F42: =SUM(F22:F41) -> 358 | G42: =SUM(G22:G41) -> 0 | H42: =SUM(H22:H41) -> 0 | I42: =SUM(I22:I41) -> 0 | J42: =SUM(J22:J41) -> 0
C43: مجموع الطلاب الكلي | F43: =SUM(K22:K41) -> 705 | H43: حلقة(1) | I43: =SUM(K23:K28) -> 557 | J43: حلقة(2) | K43: =SUM(K29:K31) -> 0 | N43: أمين سر المدرسة | V43: مدير المدرسة
H44: رياض | I44: =SUM(K32:K35,K22) -> 148 | J44: ثانوي | K44: =SUM(K36:K41) -> 0 | N44: الاسم الثلاثي : | V44: الاسم الثلاثي :
N45: الخاتم والتوقيع : | V45: الخاتم والتوقيع :

Sheet الجهاز الإداري
C1: =البيان!$K$7 -> طارق بن زياد | K1: الجهاز الإداري (( يذكر فيه أسماء الإداريين كافة )) | S1: الحلقة : | T1: =البيان!J7 -> اولى
A2: تسلسل | B2: الرقم الوطني | C2: الاسـم الثلاثـــــي | D2: الأم | E2: تاريخ الولادة | H2: الشهادة /ج/م.م/أ.ه/ثا | I2: الاختصاص | J2: القدم الوظيفي | K2: العمل المسند إليه | L2: الشهادات العليا | M2: تاريخ المباشرة بالعمل الإداري الحالي | P2: الهاتف | R2: المنطقة السكنية | S2: إجازات ادارية/ صحية /أمومة / زواج | T2: نوع الوثيقة / موافقة وزارية | U2: ملاحظات/عن أي بيانات مدخلة/
E3: يوم | F3: شهر | G3: سنة | M3: يوم | N3: شهر | O3: سنة | P3: الجوال | Q3: الأرضي
A4: =ROWS($A$4:A4) -> 1
A5: =ROWS($A$4:A5) -> 2
A6: =ROWS($A$4:A6) -> 3
A8: =ROWS($A$4:A8) -> 5
A9: =ROWS($A$4:A9) -> 6
A11: =ROWS($A$4:A11) -> 8
A12: =ROWS($A$4:A12) -> 9
A13: =ROWS($A$4:A13) -> 10
A14: =ROWS($A$4:A14) -> 11
A15: =ROWS($A$4:A15) -> 12
A16: =ROWS($A$4:A16) -> 13
A17: =ROWS($A$4:A17) -> 14
... A33: =ROWS($A$4:A33) -> 30

Sheet الجهاز التدريسي
C1: =البيان!$K$7 -> طارق بن زياد | H1: الجهاز التدريسي - يذكر حسب الشهادة و الاختصاص / مدرس - مدرس مساعد - معلم صف - أهلية تعليم + تعميق تربوي - أهلية تعليم - ق38 / | W1: الحلقة : | X1: =البيان!J7 -> اولى
A2: تسلسل | B2: الرقم الوطني | C2: الاسـم الثلاثـــــي | D2: الأم | E2: تاريخ الولادة | H2: الشهادة ج /م.م/أ.ه/ثا | I2: الاختصاص | J2: القدم الوظيفي | K2: المادة التي يدرسها | L2: عدد الساعات التي يدرسها | M2: المواد التي يكمل فيها نصابه في مدرسته وعددها | N2: المدرسة التي يكمل نصابه بها وعددها | O2: الصف | P2: الشعبة | Q2: تاريخ المباشرة في المدرسة | T2: الهاتف | V2: المنطقة السكنية | W2: إجازات ادارية/ صحية /أمومة / زواج | X2: نوع الوثيقة / موافقة وزارية | Y2: ملاحظات/عن أي بيانات مدخلة/
E3: يوم | F3: شهر | G3: سنة | Q3: يوم | R3: شهر | S3: سنة | T3: الجوال | U3: الأرضي
A4: =ROWS($A$4:A4) -> 1
A5: =ROWS($A$4:A5) -> 2
A6: =ROWS($A$4:A6) -> 3
A7: =ROWS($A$4:A7) -> 4
A8: =ROWS($A$4:A8) -> 5
A9: =ROWS($A$4:A9) -> 6
A10: =ROWS($A$4:A10) -> 7
A11: =ROWS($A$4:A11) -> 8
A12: =ROWS($A$4:A12) -> 9
A13: =ROWS($A$4:A13) -> 10
A14: =ROWS($A$4:A14) -> 11
A15: =ROWS($A$4:A15) -> 12
... A36: =ROWS($A$4:A36) -> 33

Sheet مهنيين ومستخدمين وحراس
C1: =البيان!$K$7 -> طارق بن زياد | H1: الجهاز الفني (مستخدمين وحراس وعمال مهنيين) | Q1: الحلقة : | R1: =البيان!$J$7 -> اولى
A2: تسلسل | B2: الرقم الوطني | C2: الاسـم الثلاثـــــي | D2: الأم | E2: تاريخ الولادة | H2: الشهادة | I2: القدم الوظيفي | J2: العمل المسند إليه | K2: تاريخ المباشرة في المدرسة | N2: الهاتف | P2: السكن | Q2: إجازات ادارية/ صحية /أمومة / زواج | R2: نوع الوثيقة / موافقة وزارية | S2: ملاحظات/عن أي بيانات مدخلة/
E3: يوم | F3: شهر | G3: سنة | K3: يوم | L3: شهر | M3: سنة | N3: الجوال | O3: الأرضي
A4: =ROWS($A$4:A4) -> 1
A5: =ROWS($A$4:A5) -> 2
A6: =ROWS($A$4:A6) -> 3
A7: =ROWS($A$4:A7) -> 4
A8: =ROWS($A$4:A8) -> 5
A9: =ROWS($A$4:A9) -> 6
A11: =ROWS($A$4:A11) -> 8
A12: =ROWS($A$4:A12) -> 9
A13: =ROWS($A$4:A13) -> 10
A14: =ROWS($A$4:A14) -> 11
A15: =ROWS($A$4:A15) -> 12
A16: =ROWS($A$4:A16) -> 13
... A23: =ROWS($A$4:A23) -> 20

Sheet التعديلات الطارئة الشهرية
A1: =قوائم!I9&" "&البيان!$K$7 -> جدول التعديلات الطارئة على بيان مدرسة: طارق بن زياد
A3: 2026 عن شهر / / لعام | P3: 2026 تاريخ التسليم لدائرة التعليم الأساسي / / لعام
A5: المنطقة التعليمية | D5: اسم القرية | H5: اسم المدرسة / سابقاً / | K5: الحلقة | L5: اسم الشهيد | Q5: هاتف المدرسة | T5: تطبق المدرسة منهاج التعليم الريفي | V5: نوع الدوام / نعم أو لا /
T6: نعم | U6: لا | V6: كامل | W6: نصفي | X6: مشترك مع
A8: الجهاز الإداري
A9: تسلسل | B9: الرقم الوطني | C9: الاسـم الثلاثـــــي | D9: الأم | E9: تاريخ الولادة | H9: الشهادة /ج/م.م/أ.ه/ثا | I9: الاختصاص | J9: القدم الوظيفي | K9: العمل المسند إليه | L9: الشهادات العليا | M9: تاريخ المباشرة بالعمل الإداري الحالي | P9: الهاتف | R9: المنطقة السكنية | S9: إجازات ادارية/ صحية /أمومة / زواج | T9: نوع الوثيقة / موافقة وزارية | U9: ملاحظات/عن أي بيانات مدخلة/
E10: يوم | F10: شهر | G10: سنة | M10: يوم | N10: شهر | O10: سنة | P10: الجوال | Q10: الأرضي
A14: الجهاز التدريسي
A15: تسلسل | B15: الرقم الوطني | C15: الاسـم الثلاثـــــي | D15: الأم | E15: تاريخ الولادة | H15: الشهادة ج /م.م/أ.ه/ثا | I15: الاختصاص | J15: القدم الوظيفي | K15: المادة التي يدرسها | L15: عدد الساعات التي يدرسها | M15: المواد التي يكمل فيها نصابه في مدرسته وعددها | N15: المدرسة التي يكمل نصابه بها وعددها | O15: الصف | P15: الشعبة | Q15: تاريخ المباشرة في المدرسة | T15: الهاتف | V15: المنطقة السكنية | W15: إجازات ادارية/ صحية /أمومة / زواج | X15: نوع الوثيقة / موافقة وزارية | Y15: ملاحظات/عن أي بيانات مدخلة/
E16: يوم | F16: شهر | G16: سنة | Q16: يوم | R16: شهر | S16: سنة | T16: الجوال | U16: الأرضي
A21: عاملين مهنيين وحراس ومستخدمين
A22: تسلسل | B22: الرقم الوطني | C22: الاسـم الثلاثـــــي | D22: الأم | E22: تاريخ الولادة | H22: الشهادة ج /م.م/أ.ه/ثا | I22: الاختصاص | J22: القدم الوظيفي | K22: العمل المسند إليه | M22: تاريخ المباشرة في المدرسة | P22: الهاتف | R22: السكن | S22: داخل الملاك / تحديد مركز عمل محافظة... | T22: إجازات ادارية/ صحية / أمومة / زواج | U22: ملاحظات إدارية / نوع الوثيقة / موافقة وزارية | V22: مباشرة / انفكاك / وفاة / تقاعد / ملاحظات أخرى
M23: يوم | N23: شهر | O23: سنة | P23: الجوال | Q23: الأرضي
C30: إحصائية بعدد الشعب والطلاب
D31: استعدوا | E31: الأول | F31: الثاني | G31: الثالث | H31: الرابع | I31: الخامس | J31: السادس | K31: السابع | L31: الثامن | M31: التاسع | N31: المجموع | Q31: ملاحظة : يتم تسليم ورقة التعديلات الطارئة مع البيان الشهري في الوقت المتاح للتسليم وذلك في أول 10 أيام من كل شهر ويرجى توقيع وختم الورقة وتسليمها من قبل مدير المدرسة أوأمين السر حصرا <في حال لايوجد تعديلات نكتب داخلها لايوجد تعديل>
C32: عدد الشعب | N32: =SUM(D32:M32) -> 22
C33: عدد الطلاب الذكور | N33: =SUM(D33:M33) -> 347
C34: عدد الطلاب الإناث | N34: =SUM(D34:M34) -> 358
C35: مجموع الطلاب الكلي | K35: =SUM(N33:N34) -> 705
C37: أمين سر المدرسة | R37: مدير المدرسة | V37: مدرسة:
C38: الأسم الثلاثي والتوقيع | R38: الأسم الثلاثي و الخاتم والتوقيع

Sheet جدول نتائج نهاية العام
B1: مدرسة: | C1: =البيان!$K$7 -> طارق بن زياد | H1: =قوائم!I11&" "&البيان!$K$7 -> جدول نتائج نهاية العام لمدرسة: طارق بن زياد
B3: أعداد التلاميذ والطلاب المتوقعة للعام الدراسي القادم
B5: المنطقة التعليمية | D5: اسم القرية | F5: عنوان المدرسة بالتفصيل | I5: الحلقة | J5: اسم المدرسة | N5: الرقم الاحصائي | P5: منهاج التعليم الريفي | S5: نوع الدوام(كامل أو نصفي)
S6: نوع الدوام:
S7: مشترك مع:
B9: الصف الأول | D9: الصف الثاني | F9: الصف الثالث | H9: الصف الرابع | J9: الصف الخامس | L9: الصف السادس | N9: الصف االسابع | P9: الصف الثامن | R9: الصف التاسع | T9: جميع الصفوف
B10: ذكور | C10: اناث | D10: ذكور | E10: اناث | F10: ذكور | G10: اناث | H10: ذكور | I10: اناث | J10: ذكور | K10: اناث | L10: ذكور | M10: اناث | N10: ذكور | O10: اناث | P10: ذكور | Q10: اناث | R10: ذكور | S10: اناث | T10: مجموع الذكور | U10: مجموع الاناث
B12: المجموع = | C12: =SUM(B11:C11) -> 0 | D12: المجموع = | E12: =SUM(D11:E11) -> 0 | F12: المجموع = | G12: =SUM(F11:G11) -> 0 | H12: المجموع = | I12: =SUM(H11:I11) -> 0 | J12: المجموع = | K12: =SUM(J11:K11) -> 0 | L12: المجموع = | M12: =SUM(L11:M11) -> 0 | N12: المجموع = | O12: =SUM(N11:O11) -> 0 | P12: المجموع = | Q12: =SUM(P11:Q11) -> 0 | R12: المجموع = | S12: =SUM(R11:S11) -> 0 | T12: المجموع الكلي=
H13: المستوى الأول | J13: المستوى الثاني | L13: المستوى الثالث | N13: المستوى الرابع
H14: ذكور | I14: اناث | J14: ذكور | K14: اناث | L14: ذكور | M14: اناث | N14: ذكور | O14: اناث
H16: المجموع = | I16: =SUM(H15:I15) -> 0 | J16: المجموع = | K16: =SUM(J15:K15) -> 0 | L16: المجموع = | M16: =SUM(L15:M15) -> 0 | N16: المجموع = | O16: =SUM(N15:O15) -> 0
B18: احصاءات الامتحانات النهائية
B20: الصف | D20: الأول | F20: الثاني | H20: الثالث | J20: الرابع | L20: الخامس | N20: السادس | P20: السابع | R20: الثامن | T20: المجموع
B21: العدد الكلي
B22: متسرب
B23: متقدم
B24: ناجح
B25: مكمل(معلقة نتيجته)
B26: راسب
B29: ملاحظة : | E29: تتم تعبئة الجداول الموجودة في الأعلى مرة واحدة في السنة وذلك في نهاية العام الدراسي بعد صدور نتائج الفصل الثاني
B31: أمين سر المدرسة | Q31: مدير المدرسة
B32: الأسم الثلاثي والتوقيع | Q32: الأسم الثلاثي و الخاتم والتوقيع

Sheet قوائم
A1: العمل المسند إليه (الجهاز الاداري) | B1: الاختصاص( جهاز اداري+تدريسي) | C1: المادة التي يدرسها | D1: شهادات عليا | E1: الشهادة /ج/م.م/أ.ه/ثا | F1: الصف | G1: العمل المسند مهني | J1: موافقات وزارية | L1: نوع الاجازة
J2: محافظة | L2: صحية | Z2: أسماء الأشهر | AA2: منهاج ريفي | AB2: الحلقة | AC2: نوع الدوام | AD2: المنطقة التعليمية | AE2: داخل او خارج الملاك
A3: مدير | B3: معلم صف | D3: دبلوم | E3: جامعة | F3: استعدوا | G3: مستخدم | J3: تربية | L3: أمومة | M3: معلم صف | N3: =COUNTIFS('الجهاز الإداري'!I4:I200,"*معلم صف*",'الجهاز الإداري'!S4:S200,"*داخل*") -> 0 | O3: =COUNTIFS('الجهاز الإداري'!I4:I200,"*م*ص*",'الجهاز الإداري'!S4:S200,"*داخل*") -> 0 | Z3: 1 / يناير / كانون الثاني | AA3: نعم | AB3: 1 | AC3: كامل | AD3: الحفة | AE3: داخل الملاك
A4: معاون مدير | B4: مكتبات | D4: ماجستير | E4: معهد | F4: الأول | G4: حارس | L4: بلا أجر | M4: أهلية تعليم | N4: =COUNTIFS('الجهاز الإداري'!I4:I200,"هلي*تعل",'الجهاز الإداري'!S4:S200,"*داخل*") -> 0 | O4: =COUNTIFS('الجهاز الإداري'!I4:I200,"*ا.ه*",'الجهاز الإداري'!S4:S200,"*داخل*") -> 0 | P4: =COUNTIFS('الجهاز الإداري'!I4:I200,"ا-ه",'الجهاز الإداري'!S4:S200,"*داخل*") -> 0 | Q4: =COUNTIFS('الجهاز الإداري'!I4:I200,"ا ه",'الجهاز الإداري'!S4:S200,"*داخل*") -> 0 | R4: =COUNTIFS('الجهاز الإداري'!I4:I200,"أ ه",'الجهاز الإداري'!S4:S200,"*داخل*") -> 0 | S4: =COUNTIFS('الجهاز التدريسي'!I4:I200,"ا.ه",'الجهاز الإداري'!S4:S200,"*داخل*") -> 0 | T4: =COUNTIFS('الجهاز التدريسي'!I4:I200,"ا-ه",'الجهاز الإداري'!S4:S200,"*داخل*") -> 0 | U4: =COUNTIFS('الجهاز التدريسي'!I4:I200,"ا ه",'الجهاز الإداري'!S4:S200,"*داخل*") -> 0 | V4: =COUNTIFS('الجهاز التدريسي'!I4:I200,"هلي*تعل",'الجهاز الإداري'!S4:S200,"*داخل*") -> 0 | Z4: 2 / فبراير / شباط | AA4: لا | AB4: 2 | AC4: نصفي | AD4: القرداحة | AE4: خارج الملاك
A5: تسيير أمور (ادارة) | B5: ارشاد نفسي | D5: دكتوراه | E5: ثانوية | F5: الثاني | G5: مهني | L5: مأجورة | M5: ق. 38 | Z5: 3 / مارس / آذار | AB5: 3 | AD5: جبلة | AE5: عقود
A6: توجيه | B6: ارشاد اجتماعي | E6: اهلية تعليم | F6: الثالث | M6: تعميق تأهيل | N6: =COUNTIFS('الجهاز الإداري'!I4:I200,"*ميق*",'الجهاز الإداري'!S4:S200,"*داخل*") -> 0 | O6: =COUNTIFS('الجهاز التدريسي'!I4:I200,"*تعمي*",'الجهاز الإداري'!S4:S200,"*داخل*") -> 0 | Z6: 4 / أبريل / نيسان | AB6: 1+2 | AD6: مدينة
A7: أمانة سر | B7: إدارة وتخطيط | E7: اخرى | F7: الرابع | M7: عربي | N7: =COUNTIFS('الجهاز الإداري'!I4:I200,"*عرب*",'الجهاز الإداري'!S4:S200,"*داخل*") -> 0 | O7: =COUNTIFS('الجهاز التدريسي'!I4:I200,"*عرب*",'الجهاز الإداري'!S4:S200,"*داخل*") -> 0 | Z7: 5 / مايو / أيار | AB7: 2+3 | AD7: منطقة
A8: معاون أمين سر | B8: مناهج | F8: الخامس | M8: رياضيات | N8: =COUNTIFS('الجهاز الإداري'!I:I,"*رياضيا*") -> 1 | Z8: 6 / يونيو / حزيران | AB8: 1+2+3
A9: أمانة مكتبة | B9: اهلية تعليم | F9: السادس | I9: جدول التعديلات الطارئة على بيان مدرسة: | M9: فيزياء+كيمياء | N9: =COUNTIFS('الجهاز الإداري'!I4:I200,"*فيزي*+*كيم*",'الجهاز الإداري'!S4:S200,"*داخل*") -> 0 | O9: =COUNTIFS('الجهاز الإداري'!I4:I200,"*كيم*+*فيزي*",'الجهاز الإداري'!S4:S200,"*داخل*") -> 0 | Z9: 7 / يوليو / تموز
A10: معاون أمين مكتبة | B10: ق.38 | E10: ثانوية | F10: السابع | S10: معلم صف | T10: تعميق تأهيل | U10: أهلية تعليم | Y10: ق. 38 | Z10: 8 / أغسطس / آب
A11: امين مخبر | B11: تعميق تأهيل | E11: اعدادية | F11: الثامن | I11: جدول نتائج نهاية العام لمدرسة: | M11: عددالمعلمين داخل الملاك (تحديد مركز عمل) | S11: =SUM(COUNTIFS('الجهاز الإداري'!S4:S200,"*داخل*",'الجهاز الإداري'!I4:I200,"*صف*"),COUNTIFS('الجهاز التدريسي'!W4:W200,"*داخل*",'الجهاز التدريسي'!I4:I200,"*صف*")) -> 0 | T11: =SUM(COUNTIFS('الجهاز الإداري'!S4:S200,"*داخل*",'الجهاز الإداري'!I4:I200,"*عميق*"),COUNTIFS('الجهاز التدريسي'!W4:W200,"*داخل*",'الجهاز التدريسي'!I4:I200,"*عميق*")) -> 0 | U11: =SUM(COUNTIFS('الجهاز الإداري'!S4:S200,"*داخل*",'الجهاز الإداري'!I4:I200,"*ا.ه*"),COUNTIFS('الجهاز التدريسي'!W4:W200,"*داخل*",'الجهاز التدريسي'!I4:I200,"*ا.ه*")) -> 0 | V11: =SUM(COUNTIFS('الجهاز الإداري'!S4:S200,"*داخل*",'الجهاز الإداري'!I4:I200,"*ا-ه*"),COUNTIFS('الجهاز التدريسي'!W4:W200,"*داخل*",'الجهاز التدريسي'!I4:I200,"*ا-ه*")) -> 0 | W11: =SUM(COUNTIFS('الجهاز الإداري'!S4:S200,"*داخل*",'الجهاز الإداري'!I4:I200,"*ا ه*"),COUNTIFS('الجهاز التدريسي'!W4:W200,"*داخل*",'الجهاز التدريسي'!I4:I200,"*ا ه*")) -> 0 | X11: =SUM(COUNTIFS('الجهاز الإداري'!S4:S200,"*داخل*",'الجهاز الإداري'!I4:I200,"*اهلي*تعل*"),COUNTIFS('الجهاز التدريسي'!W4:W200,"*داخل*",'الجهاز التدريسي'!I4:I200,"*اهلي*تعل*")) -> 0 | Y11: =SUM(COUNTIFS('الجهاز الإداري'!S4:S200,"*داخل*",'الجهاز الإداري'!I4:I200,"*38*"),COUNTIFS('الجهاز التدريسي'!W4:W200,"*داخل*",'الجهاز التدريسي'!I4:I200,"*38*")) -> 0 | Z11: 9 / سبتمبر / أيلول
A12: م.امين مخبر | B12: عربي | E12: لايوجد | F12: التاسع | M12: تاريخ | N12: =COUNTIFS('الجهاز الإداري'!I4:I200,"*تاري*",'الجهاز الإداري'!S4:S200,"*داخل*") -> 0 | U12: =SUM(COUNTIFS('الجهاز الإداري'!S4:S200,"*تحديد*",'الجهاز الإداري'!I4:I200,"*ا.ه*"),COUNTIFS('الجهاز التدريسي'!W4:W200,"*تحديد*",'الجهاز التدريسي'!I4:I200,"*ا.ه*")) -> 0 | Z12: 10 / أكتوبر / تشرين الأول
A13: امين سر حاسوب | B13: رياضيات | E13: أخرى | F13: المستوى الأول | M13: جغرافية | N13: =COUNTIFS('الجهاز الإداري'!I:I,"*جغرا*") -> 0 | Z13: 11 / نوفمبر / تشرين الثاني
A14: م.امين سر حاسوب | B14: تجاري مصرفي | F14: المستوى الثاني | M14: قومية | N14: =COUNTIFS('الجهاز الإداري'!I4:I200,"*قوم*",'الجهاز الإداري'!S4:S200,"*داخل*") -> 0 | Z14: 12 / ديسمبر / كانون الأول
A15: مشرف جاهزية | B15: تجارة واقتصاد | F15: المستوى الثالث | M15: اسلامية | N15: =COUNTIFS('الجهاز الإداري'!I4:I200,"*ديان*",'الجهاز الإداري'!S4:S200,"*داخل*") -> 0 | O15: =COUNTIFS('الجهاز الإداري'!I4:I200,"*سلام*",'الجهاز الإداري'!S4:S200,"*داخل*") -> 0
A16: إشراف صحي | B16: فيزياء+كيمياء | F16: المستوى الرابع | M16: مسيحية | N16: =COUNTIFS('الجهاز الإداري'!I4:I200,"*سيح*",'الجهاز الإداري'!S4:S200,"*داخل*") -> 0
A17: ارشاد اجتماعي | B17: تاريخ | F17: الأول الثانوي | M17: معلوماتية | N17: =COUNTIFS('الجهاز الإداري'!I4:I200,"*معلو*",'الجهاز الإداري'!S4:S200,"*داخل*") -> 0
A18: ارشاد نفسي | B18: جغرافية | F18: الثاني الثانوي | M18: انكليزي | N18: =COUNTIFS('الجهاز الإداري'!I4:I200,"*كليز*",'الجهاز الإداري'!S4:S200,"*داخل*") -> 0
A19: أمين مشغل | B19: علوم | F19: الثالث الثانوي | M19: فرنسي | N19: =COUNTIFS('الجهاز الإداري'!I:I,"*فرن*") -> 0
A20: انشطة لاصفية | B20: معلوماتية | M20: روسي | N20: =COUNTIFS('الجهاز الإداري'!I4:I200,"*روس*",'الجهاز الإداري'!S4:S200,"*داخل*") -> 0
A21: كاتب | B21: معهد موسيقا | M21: علوم | N21: =COUNTIFS('الجهاز الإداري'!I4:I200,"*علوم*",'الجهاز الإداري'!S4:S200,"*داخل*") -> 0
A22: ادراة + او توجيه او مرشد تدريس؟؟ | B22: رياضة | M22: رياضة | N22: =COUNTIFS('الجهاز الإداري'!I4:I200,"*رياض*",'الجهاز الإداري'!S4:S200,"*داخل*") -> 0
B23: فنون | M23: فنون | N23: =COUNTIFS('الجهاز الإداري'!I4:I200,"*فنو*",'الجهاز الإداري'!S4:S200,"*داخل*") -> 0 | O23: =COUNTIFS('الجهاز الإداري'!I4:I200,"*رسم*",'الجهاز الإداري'!S4:S200,"*داخل*") -> 0
B24: انكليزي | M24: مساعد داخل الملاك
B25: فرنسي
B26: روسي | M26: عربي | N26: =COUNTIFS('الجهاز الإداري'!I4:I200,"*عرب*",'الجهاز الإداري'!S4:S200,"*داخل*") -> 0
B27: اسلامية | M27: رياضيات
B28: مسيحية
B29: تربية
B30: علوم سياسية
B31: اعمال يدوية
B32: اقتصاد منزلي
B33: تربية عسكرية
B34: تقنيات حاسوب
B35: حقوق
B36: فلسفة
B37: مهندس
B38: احتياط
B39: كاتب
B40: غير محدد
